{"page":15,"size":10,"totalElements":1465,"totalPages":147,"content":[{"approved":true,"archived":false,"attributes":[{"attributeId":346,"attributeName":"Yaş Grubu","attributeValue":"Yetişkin","attributeValueId":4293},{"attributeId":1116,"attributeName":"Kullanım Talimatı/Uyarıları","attributeValue":"KULLANIMI :Tahriş olmuş ciltten kaçınarak vücudunuza sıkınız.UYARI :Yanıcıdır. Isı veya alevden uzak tutunuz. Çocukların erişebileceği yerlerden uzak tutunuz. Gözlerle temasından kaçınınız. Yalnızca harici kullanım içindir. Leke bırakabileceğinden giysilerle temasından kaçınınız."},{"attributeId":1192,"attributeName":"Menşei","attributeValue":"PL","attributeValueId":10617167},{"attributeId":1198,"attributeName":"Üretici Bilgisi","attributeValue":"AVON KOZMETİK ÜRÜNLERİ SANAYİ VE TİCARET A.Ş."},{"attributeId":1216,"attributeName":"İthalatçı/ Yetkili Temsilci/ İfa Hizmet Sağlayıcı","attributeValue":"Avon Kozmetik Ürünleri Sanayi ve Ticaret A.Ş.\nPosta Adresi: Tekfen Kağıthane Ofispark A Blok Kat: 4/11 Merkez Mah.\nBağlar Cad. No: 14 Kağıthane, İstanbul\nE-posta Adresi: tr.avon@avon.com"},{"attributeId":43,"attributeName":"Hacim","attributeValue":"50 ml","attributeValueId":1221},{"attributeId":343,"attributeName":"Cinsiyet","attributeValue":"Kadın / Kız","attributeValueId":4295},{"attributeId":1110,"attributeName":"Koku Türü","attributeValue":"Oryantal","attributeValueId":1211339},{"attributeId":1115,"attributeName":"İçerik Yazısı","attributeValue":"ALCOHOL DENAT., AQUA, PARFUM, ETHYLHEXYL METHOXYCINNAMATE, OCTOCRYLENE, T-BUTYL ALCOHOL, POLYGLYCERYL-3 CAPRYLATE, LIMONENE, LINALOOL, BENZYL SALICYLATE,HYDROXYCITRONELLAL, GERANIOL, CITRONELLOL, COUMARIN,CITRAL. <1039486-004>"},{"attributeId":1205,"attributeName":"Ürün Güvenliği Bilgisi","attributeValue":"Sınıf 3 Alevlenir sıvılar","attributeValueId":10621744},{"attributeId":34,"attributeName":"Tip","attributeValue":"EDP","attributeValueId":7126}],"barcode":"5059018466402","brand":"AVON","brandId":10825,"categoryName":"Parfüm","createDateTime":1732098759000,"description":"EDP formülü ile uzun süreli kalıcı bir koku deneyimi sunar; Oryantal koku türü, derin ve etkileyici bir aroma profiliyle dikkat çeker; 50 ml boyutuyla seyahatlerde ve günlük kullanım için idealdir;","dimensionalWeight":0,"gender":"Kadın / Kız","hasActiveCampaign":false,"id":"c42439e3a439fa77ac3239b447168ea1","images":[{"url":"https://cdn.dsmcdn.com/ty1468/product/media/images/prod/QC/20240807/10/753b1d50-1221-345a-b1dd-7b41eef54fed/1_org_zoom.jpg"},{"url":"https://cdn.dsmcdn.com/ty1468/product/media/images/prod/QC/20240807/10/dcef5943-279f-3c6f-ae5b-4760fc8b3f33/1_org_zoom.jpg"},{"url":"https://cdn.dsmcdn.com/ty1469/product/media/images/prod/QC/20240807/10/4d47c2d2-4e0b-3fb4-adbb-1a9562fa91d4/1_org_zoom.jpg"},{"url":"https://cdn.dsmcdn.com/ty1467/product/media/images/prod/QC/20240807/10/bf1f3c09-093a-38f3-8bc0-76f5975a14e5/1_org_zoom.jpg"},{"url":"https://cdn.dsmcdn.com/ty1469/product/media/images/prod/QC/20240807/10/8d4e06ed-f0c1-3fa2-905c-b5d3b9c0cb85/1_org_zoom.jpg"}],"lastUpdateDate":1747173923000,"listPrice":330,"locked":false,"onSale":false,"pimCategoryId":661,"platformListingId":"6bc1325f10173382a64f35fa4e93e9a0","productCode":1143822487,"productContentId":848436489,"productMainId":"PARFUM0194","quantity":0,"salePrice":291.5,"stockCode":"prfm4987563","stockUnitType":"Adet","supplierId":286628,"title":"Far Away Shine Kadın Parfüm Edp 50 Ml.","vatRate":20,"rejected":false,"rejectReasonDetails":[],"blacklisted":false,"hasHtmlContent":false,"productUrl":"https://www.trendyol.com/avon/far-away-shine-kadin-parfu-m-edp-50-ml-p-848436489?merchantId=286628&filterOverPriceListings=false"},{"approved":true,"archived":false,"attributes":[{"attributeId":47,"attributeName":"Renk","attributeValue":"Deep"},{"attributeId":348,"attributeName":"Web Color","attributeValue":"Bej","attributeValueId":6997},{"attributeId":1186,"attributeName":"Kutu Durumu","attributeValue":"Kutulu","attributeValueId":10559445},{"attributeId":1198,"attributeName":"Üretici Bilgisi","attributeValue":"AVON KOZMETİK ÜRÜNLERİ SANAYİ VE TİCARET A.Ş."},{"attributeId":40,"attributeName":"Form","attributeValue":"Toz","attributeValueId":471},{"attributeId":54,"attributeName":"Görünüm","attributeValue":"Mat","attributeValueId":461},{"attributeId":1115,"attributeName":"İçerik Yazısı","attributeValue":"TALC, MICA, ZINC STEARATE, ISOPROPYL ISOSTEARATE, ISOSTEARYL HYDROXYSTEARATE, PHENOXYETHANOL, KALIUM SORBATE, PARFUM, +/-: CI 77891, CI 77163, CI 77491, CI 77492, CI 77499."},{"attributeId":1216,"attributeName":"İthalatçı/ Yetkili Temsilci/ İfa Hizmet Sağlayıcı","attributeValue":"Avon Kozmetik Ürünleri Sanayi ve Ticaret A.Ş.\nPosta Adresi: Tekfen Kağıthane Ofispark A Blok Kat: 4/11 Merkez Mah.\nBağlar Cad. No: 14 Kağıthane, İstanbul\nE-posta Adresi: tr.avon@avon.com"},{"attributeId":1116,"attributeName":"Kullanım Talimatı/Uyarıları","attributeValue":"Allığı fırça yardımıyla elmacık kemiklerinin üzerine, cilt tonunuza uygun renkte uygulayın. Doğal bir görünüm için ürünü hafifçe dağıtarak yedirin."},{"attributeId":1192,"attributeName":"Menşei","attributeValue":"TR","attributeValueId":10617344},{"attributeId":1205,"attributeName":"Ürün Güvenliği Bilgisi","attributeValue":"Tehlikeli Değil","attributeValueId":10621762}],"barcode":"5059018337658","brand":"AVON","brandId":10825,"categoryName":"Allık","createDateTime":1732092130000,"description":"ÜRÜN KODU : TEN0236DP ÖZELLİKLER : İkonik allık incileriniz geri döndü ve dağınıklık yaratmayan daha büyük bir kap ve allığınıza ekstra boyut katan çok renkli incilerle her zamankinden daha iyi. ; Yeni ve enfes bir çiçek kokusuna sahip olduklarını söylemiş miydik? Oluşturulabilir formül, makyajınızın olmazsa olmazı olması için tüm cilt tonlarına uyacak tonlarda gelir. ; Ürün özellikleri: • Çok boyutlu bir parlaklık için çok boyutlu, çok renkli inciler. ; • Dökülmeden girdap oluşturacak bol miktarda alan. ; • Mineral pigmentlerden yapılmıştır.;","dimensionalWeight":0,"hasActiveCampaign":false,"id":"8be07396b2192f7f9ef7fb1d780ec8e1","images":[{"url":"https://cdn.dsmcdn.com/ty1637/prod/QC/20250210/16/25f8d6dd-8db6-3a10-9a0e-398e9c2be55c/1_org_zoom.jpg"},{"url":"https://cdn.dsmcdn.com/ty1635/prod/QC/20250210/16/06995645-8ad0-3b97-b40f-6eace67a8a98/1_org_zoom.jpg"},{"url":"https://cdn.dsmcdn.com/ty1637/prod/QC/20250210/16/4494d973-d0e7-3571-b7e8-6a6bb15d252c/1_org_zoom.jpg"},{"url":"https://cdn.dsmcdn.com/ty1637/prod/QC/20250210/16/13ad6ca2-a72a-3eae-8cdc-4d1b9f9839c9/1_org_zoom.jpg"},{"url":"https://cdn.dsmcdn.com/ty1636/prod/QC/20250210/16/d110fad6-29dc-33bb-94c6-6d32d90fc22e/1_org_zoom.jpg"}],"lastUpdateDate":1747174797000,"listPrice":0,"locked":false,"onSale":false,"pimCategoryId":653,"platformListingId":"0b42ff1c99bf1a7376bf784a0614e091","productCode":984590272,"productContentId":747894783,"productMainId":"1225912","quantity":0,"salePrice":0,"stockCode":"bpad762445","stockUnitType":"Adet","supplierId":286628,"title":"Pearls Blush Deep Top Allık","vatRate":20,"rejected":false,"rejectReasonDetails":[],"blacklisted":false,"hasHtmlContent":false,"productUrl":"https://www.trendyol.com/avon/pearls-blush-deep-top-allik-p-747894783?merchantId=286628&filterOverPriceListings=false"},{"approved":true,"archived":false,"attributes":[{"attributeId":47,"attributeName":"Renk","attributeValue":"Deep"},{"attributeId":348,"attributeName":"Web Color","attributeValue":"Altın","attributeValueId":6996},{"attributeId":1216,"attributeName":"İthalatçı/ Yetkili Temsilci/ İfa Hizmet Sağlayıcı","attributeValue":"Avon Kozmetik Ürünleri Sanayi ve Ticaret A.Ş.\nPosta Adresi: Tekfen Kağıthane Ofispark A Blok Kat: 4/11 Merkez Mah.\nBağlar Cad. No: 14 Kağıthane, İstanbul\nE-posta Adresi: tr.avon@avon.com"},{"attributeId":1115,"attributeName":"İçerik Yazısı","attributeValue":"TALC, MICA, ZINC STEARATE, ISOPROPYL ISOSTEARATE, ISOSTEARYL HYDROXYSTEARATE, PHENOXYETHANOL, KALIUM SORBATE, PARFUM, +/-: CI 77891, CI 77491, CI 77492, CI 77163, CI 15850, CI 77499, CI 77742, CI 45410. ."},{"attributeId":1116,"attributeName":"Kullanım Talimatı/Uyarıları","attributeValue":"KULLANIMI :İhtiyaç duydukça yüzünüze fırça yardımıyla uygulayınız.UYARI :Kullanımdan Sonra hava almadığından emin olarak kapatınız."},{"attributeId":1192,"attributeName":"Menşei","attributeValue":"CH","attributeValueId":10617276},{"attributeId":1205,"attributeName":"Ürün Güvenliği Bilgisi","attributeValue":"Tehlikeli Değil","attributeValueId":10621762},{"attributeId":40,"attributeName":"Form","attributeValue":"Toz","attributeValueId":471},{"attributeId":54,"attributeName":"Görünüm","attributeValue":"Mat","attributeValueId":461},{"attributeId":1186,"attributeName":"Kutu Durumu","attributeValue":"Kutulu","attributeValueId":10559445},{"attributeId":1198,"attributeName":"Üretici Bilgisi","attributeValue":"AVON KOZMETİK ÜRÜNLERİ SANAYİ VE TİCARET A.Ş."}],"barcode":"5059018337627","brand":"AVON","brandId":10825,"categoryName":"Allık","createDateTime":1732092092000,"description":"Toz formu sayesinde kolay uygulama imkanı sunar ve cilde eşit dağılım sağlar;","dimensionalWeight":0,"hasActiveCampaign":false,"id":"9b2a368bd391f5a1af5f654e3a776427","images":[{"url":"https://cdn.dsmcdn.com/ty1033/product/media/images/prod/SPM/PIM/20231106/14/8b09e52a-fb0a-3003-bd3b-cd81d080b732/1_org_zoom.jpg"},{"url":"https://cdn.dsmcdn.com/ty1032/product/media/images/prod/SPM/PIM/20231106/14/df4ef1f5-37a1-3bd2-ac8d-4065ed2ac3b1/1_org_zoom.jpg"},{"url":"https://cdn.dsmcdn.com/ty1034/product/media/images/prod/SPM/PIM/20231106/14/c0480efb-d437-3e0c-ab59-b185a3f9d303/1_org_zoom.jpg"},{"url":"https://cdn.dsmcdn.com/ty1034/product/media/images/prod/SPM/PIM/20231106/14/b5fc1568-ed8c-3c6a-8962-d29229137007/1_org_zoom.jpg"}],"lastUpdateDate":1747174241000,"listPrice":0,"locked":false,"onSale":false,"pimCategoryId":653,"platformListingId":"bf93accdeda69d9c0b5b10b587e8d86b","productCode":984590673,"productContentId":747894967,"productMainId":"1225911","quantity":0,"salePrice":0,"stockCode":"bpa7956213","stockUnitType":"Adet","supplierId":286628,"title":"Bronzlaştıcı İnciler - Deep","vatRate":20,"rejected":false,"rejectReasonDetails":[],"blacklisted":false,"hasHtmlContent":false,"productUrl":"https://www.trendyol.com/avon/bronzlas-tici-i-nciler-deep-p-747894967?merchantId=286628&filterOverPriceListings=false"},{"approved":true,"archived":false,"attributes":[{"attributeId":47,"attributeName":"Renk","attributeValue":"Medium"},{"attributeId":348,"attributeName":"Web Color","attributeValue":"Altın","attributeValueId":6996},{"attributeId":1116,"attributeName":"Kullanım Talimatı/Uyarıları","attributeValue":"KULLANIMI :İhtiyaç duydukça yüzünüze fırça yardımıyla uygulayınız.UYARI :Kullanımdan Sonra hava almadığından emin olarak kapatınız."},{"attributeId":1192,"attributeName":"Menşei","attributeValue":"CH","attributeValueId":10617276},{"attributeId":1205,"attributeName":"Ürün Güvenliği Bilgisi","attributeValue":"Tehlikeli Değil","attributeValueId":10621762},{"attributeId":1216,"attributeName":"İthalatçı/ Yetkili Temsilci/ İfa Hizmet Sağlayıcı","attributeValue":"Avon Kozmetik Ürünleri Sanayi ve Ticaret A.Ş.\nPosta Adresi: Tekfen Kağıthane Ofispark A Blok Kat: 4/11 Merkez Mah.\nBağlar Cad. No: 14 Kağıthane, İstanbul\nE-posta Adresi: tr.avon@avon.com"},{"attributeId":54,"attributeName":"Görünüm","attributeValue":"Mat","attributeValueId":461},{"attributeId":1115,"attributeName":"İçerik Yazısı","attributeValue":"TALC, MICA, ZINC STEARATE, ISOPROPYL ISOSTEARATE, ISOSTEARYL HYDROXYSTEARATE, PHENOXYETHANOL, KALIUM SORBATE, PARFUM, +/-: CI 77891, CI 77491, CI 77492, CI 77163, CI 15850, CI 77499, CI 77742, CI 45410. ."},{"attributeId":1186,"attributeName":"Kutu Durumu","attributeValue":"Kutulu","attributeValueId":10559445},{"attributeId":1198,"attributeName":"Üretici Bilgisi","attributeValue":"AVON KOZMETİK ÜRÜNLERİ SANAYİ VE TİCARET A.Ş."},{"attributeId":40,"attributeName":"Form","attributeValue":"Toz","attributeValueId":471}],"barcode":"5059018337610","brand":"AVON","brandId":10825,"categoryName":"Allık","createDateTime":1732091992000,"description":"Yenilenen formülüyle Avon’un efsane bronzerı!; Avon Pearls Bronzing Medium; Mineral pigmentler içeren çok boyutlu renkli inciler; Bu?yu?k kutusuyla dağılmadan uygulama sağlar; Önceki formüle göre %25 daha fazla u?ru?n içerir.; Yeni çiçeksi kokusuyla lu?ks bir deneyim yaratır.","dimensionalWeight":0,"hasActiveCampaign":false,"id":"a45c72861d6d95cd355af91674638d1c","images":[{"url":"https://cdn.dsmcdn.com/ty1034/product/media/images/prod/SPM/PIM/20231106/14/a6fb11e3-93e4-313c-a26c-39506c5cbc51/1_org_zoom.jpg"},{"url":"https://cdn.dsmcdn.com/ty1034/product/media/images/prod/SPM/PIM/20231106/14/b1d1dbdc-bf08-3501-a9cc-23af267651d0/1_org_zoom.jpg"},{"url":"https://cdn.dsmcdn.com/ty1033/product/media/images/prod/SPM/PIM/20231106/14/5ecaf010-f2e3-3c28-8d29-a89b793e2ce2/1_org_zoom.jpg"},{"url":"https://cdn.dsmcdn.com/ty1033/product/media/images/prod/SPM/PIM/20231106/14/c0a29bc0-1765-30a0-a52b-f8686f41e78d/1_org_zoom.jpg"}],"lastUpdateDate":1747173599000,"listPrice":0,"locked":false,"onSale":false,"pimCategoryId":653,"platformListingId":"43ba833c65b78b8e5b7986c1c15cbbba","productCode":984590675,"productContentId":747894969,"productMainId":"1225911","quantity":0,"salePrice":0,"stockCode":"bpa1975632","stockUnitType":"Adet","supplierId":286628,"title":"Bronzlaştıcı İnciler - Medium","vatRate":20,"rejected":false,"rejectReasonDetails":[],"blacklisted":false,"hasHtmlContent":false,"productUrl":"https://www.trendyol.com/avon/bronzlas-tici-i-nciler-medium-p-747894969?merchantId=286628&filterOverPriceListings=false"},{"approved":true,"archived":false,"attributes":[{"attributeId":1110,"attributeName":"Koku Türü","attributeValue":"Çiçeksi","attributeValueId":1211343},{"attributeId":1115,"attributeName":"İçerik Yazısı","attributeValue":"ALCOHOL DENAT., AQUA, PARFUM, HYDROXYCITRONELLAL, LINALOOL, ALPHA-ISOMETHYL IONONE, CITRONELLOL,\\nLIMONENE, GERANIOL, CINNAMYL ALCOHOL, COUMARIN. <1024531-003>"},{"attributeId":1116,"attributeName":"Kullanım Talimatı/Uyarıları","attributeValue":"KULLANIMI :İstenildiği gibi az miktarda ürünü vücudunuza sıkınız . Tahriş olmuş ciltten kaçınarak vücudunuza sıkınız. Yüzünüzden kaçınarak tüm vücudunuza sıkınız.UYARI :Yanıcıdır. Isı veya alevden uzak tutunuz. Çocukların erişebileceği yerlerden uzak tutunuz. Gözlerle temasından kaçınınız. Yalnızca harici kullanım içindir. Leke bırakabileceğinden giysilerle temasından kaçınınız."},{"attributeId":1192,"attributeName":"Menşei","attributeValue":"PL","attributeValueId":10617167},{"attributeId":1198,"attributeName":"Üretici Bilgisi","attributeValue":"AVON KOZMETİK ÜRÜNLERİ SANAYİ VE TİCARET A.Ş."},{"attributeId":1205,"attributeName":"Ürün Güvenliği Bilgisi","attributeValue":"Sınıf 3 Alevlenir sıvılar","attributeValueId":10621744},{"attributeId":1216,"attributeName":"İthalatçı/ Yetkili Temsilci/ İfa Hizmet Sağlayıcı","attributeValue":"Avon Kozmetik Ürünleri Sanayi ve Ticaret A.Ş.\nPosta Adresi: Tekfen Kağıthane Ofispark A Blok Kat: 4/11 Merkez Mah.\nBağlar Cad. No: 14 Kağıthane, İstanbul\nE-posta Adresi: tr.avon@avon.com"},{"attributeId":43,"attributeName":"Hacim","attributeValue":"100 ml","attributeValueId":406}],"barcode":"5050136942632","brand":"AVON","brandId":10825,"categoryName":"Vücut Spreyi","createDateTime":1731682782000,"description":"ÜRÜN KODU: BODYMIST0003 ÖZELLİKLER: Saf aşkın yansıması pur blanca ile ferahlığı hissedin; \"Vücut spreylerimizin şişelerinde değişikliğe gidilmişolup çevre dostu ambalaj yani P C R kullanılmaktadır; Şişelerde görülen renkfarklılığının, üretim sürecinde kullanılan P C R materyalinin kullanılmasındankaynaklıdır; P C R materyali, farklı renklerdeki geri dönüştürülmüşmalzemelerin granüllerinden elde edilen bir karışımdır; Bu nedenle P C Rmateryali kullanılarak yapılan ambalajlar, PET yani plastik ambalajmalzemesinde olduğu gibi şeffaf değildir ve gri, yeşil, sarı gibi çeşitlitonlarda daha koyu bir renkle karakterize edilmektedir; Şişelerdeki renk farkı,üretim teknolojisinden kaynaklanan tamamen normal bir durumdur; Spreylerimizinformülünde, kokusunda, renginde herhangi bir değişiklik olmadığını önemlebelirtmek isteriz; \";","dimensionalWeight":0,"hasActiveCampaign":false,"id":"7aee351eddc49e71c1dcb50590634d01","images":[{"url":"https://cdn.dsmcdn.com/ty1161/product/media/images/prod/SPM/PIM/20240207/10/5f4dd8a9-8665-3389-8eea-faa632c0de29/1_org_zoom.jpg"},{"url":"https://cdn.dsmcdn.com/ty1162/product/media/images/prod/SPM/PIM/20240207/10/1af5fa71-ff2a-3185-bdf4-2fa2e837a069/1_org_zoom.jpg"},{"url":"https://cdn.dsmcdn.com/ty1162/product/media/images/prod/SPM/PIM/20240207/10/d3926b4d-7676-3f39-bde9-c45ef1a54587/1_org_zoom.jpg"},{"url":"https://cdn.dsmcdn.com/ty1162/product/media/images/prod/SPM/PIM/20240207/10/20e5ce35-013e-37cb-a58f-83ada808bc40/1_org_zoom.jpg"}],"lastUpdateDate":1747174884000,"listPrice":100,"locked":false,"onSale":false,"pimCategoryId":672,"platformListingId":"5493f65d0c8563d306ae765b2be0c5ee","productCode":10694385,"productContentId":1206467,"productMainId":"BODYMIST0003","quantity":0,"salePrice":95,"stockCode":"dc487623","stockUnitType":"Adet","supplierId":286628,"title":"Pur Blanca Kadın Vücut Spreyi 100 Ml.","vatRate":20,"rejected":false,"rejectReasonDetails":[],"blacklisted":false,"hasHtmlContent":true,"productUrl":"https://www.trendyol.com/avon/pur-blanca-kadin-vu-cut-spreyi-100-ml-p-1206467?merchantId=286628&filterOverPriceListings=false"},{"approved":true,"archived":false,"attributes":[{"attributeId":47,"attributeName":"Renk","attributeValue":"Light"},{"attributeId":348,"attributeName":"Web Color","attributeValue":"Bej","attributeValueId":6997},{"attributeId":4,"attributeName":"Cilt Tipi","attributeValue":"Yağlı","attributeValueId":24},{"attributeId":40,"attributeName":"Form","attributeValue":"Krem","attributeValueId":3993},{"attributeId":653,"attributeName":"Suya/Tere Dayanıklılık","attributeValue":"Yok","attributeValueId":247119},{"attributeId":1186,"attributeName":"Kutu Durumu","attributeValue":"Kutulu","attributeValueId":10559445},{"attributeId":1198,"attributeName":"Üretici Bilgisi","attributeValue":"AVON KOZMETİK ÜRÜNLERİ SANAYİ VE TİCARET A.Ş."},{"attributeId":1216,"attributeName":"İthalatçı/ Yetkili Temsilci/ İfa Hizmet Sağlayıcı","attributeValue":"İTHALATÇI"},{"attributeId":1205,"attributeName":"Ürün Güvenliği Bilgisi","attributeValue":"Tehlikeli Değil","attributeValueId":10621762},{"attributeId":50,"attributeName":"SPF","attributeValue":"SPF 4 - 20","attributeValueId":881108},{"attributeId":54,"attributeName":"Görünüm","attributeValue":"Mat","attributeValueId":461},{"attributeId":57,"attributeName":"Kapatıcılık","attributeValue":"Orta","attributeValueId":495},{"attributeId":1115,"attributeName":"İçerik Yazısı","attributeValue":"Söğüt yaprağı ve pirinç özü"},{"attributeId":1116,"attributeName":"Kullanım Talimatı/Uyarıları","attributeValue":"Cildini temizleyip, tonikle arındırarak makyaja hazırla. Ardından BB kremini uygulamaya başlayabilirsin. BB kremi fırçayla veya süngerle uygulamana gerek yok. İnce bir yapısı olduğu için, parmakların bu iş için birebir"},{"attributeId":1192,"attributeName":"Menşei","attributeValue":"PL","attributeValueId":10617167}],"barcode":"8681298460824","brand":"AVON","brandId":10825,"categoryName":"BB ve CC Krem","createDateTime":1731674957000,"description":"Krem formu, cilde kolayca yayılır ve eşit bir uygulama sağlar; fırça veya sünger kullanmanıza gerek kalmaz;","dimensionalWeight":0,"hasActiveCampaign":false,"id":"5177a58f5d265e08b5bdfcc9deae61dd","images":[{"url":"https://cdn.dsmcdn.com/ty512/product/media/images/20220819/10/162690941/75809885/1/1_org_zoom.jpg"},{"url":"https://cdn.dsmcdn.com/ty511/product/media/images/20220819/10/162690941/75809885/2/2_org_zoom.jpg"},{"url":"https://cdn.dsmcdn.com/ty511/product/media/images/20220819/10/162690941/75809885/3/3_org_zoom.jpg"}],"lastUpdateDate":1747173835000,"listPrice":170,"locked":false,"onSale":false,"pimCategoryId":610,"platformListingId":"fd222127a2b60b8e09831b5ad23a3b34","productCode":75809885,"productContentId":42661948,"productMainId":"TEN0035","quantity":0,"salePrice":170,"stockCode":"bb4876215","stockUnitType":"Adet","supplierId":286628,"title":"Nutra Effects Mat Bb Krem 30 Ml. Light","vatRate":20,"rejected":false,"rejectReasonDetails":[],"blacklisted":false,"hasHtmlContent":true,"productUrl":"https://www.trendyol.com/avon/nutra-effects-mat-bb-krem-30-ml-light-p-42661948?merchantId=286628&filterOverPriceListings=false"},{"approved":true,"archived":false,"attributes":[{"attributeId":47,"attributeName":"Renk","attributeValue":"Medium"},{"attributeId":348,"attributeName":"Web Color","attributeValue":"Bej","attributeValueId":6997},{"attributeId":1198,"attributeName":"Üretici Bilgisi","attributeValue":"AVON KOZMETİK ÜRÜNLERİ SANAYİ VE TİCARET A.Ş."},{"attributeId":1205,"attributeName":"Ürün Güvenliği Bilgisi","attributeValue":"Tehlikeli Değil","attributeValueId":10621762},{"attributeId":50,"attributeName":"SPF","attributeValue":"SPF 4 - 20","attributeValueId":881108},{"attributeId":653,"attributeName":"Suya/Tere Dayanıklılık","attributeValue":"Yok","attributeValueId":247119},{"attributeId":54,"attributeName":"Görünüm","attributeValue":"Parlak","attributeValueId":467},{"attributeId":57,"attributeName":"Kapatıcılık","attributeValue":"Orta","attributeValueId":495},{"attributeId":1115,"attributeName":"İçerik Yazısı","attributeValue":"Papaya özüyle canlı görünüm veren BB Krem"},{"attributeId":1116,"attributeName":"Kullanım Talimatı/Uyarıları","attributeValue":"BB kreminin cildinle tam bir bütünlük içinde olmasını istiyorsan, kremden önce cilt tipine uygun bir nemlendiricini ya da makyaj bazı kullanabilirsin. Böylece cildini yumuşatarak makyaja hazır hale getirebilirsin. Ardından BB kremi tek kat şeklinde fırça ve sünger ile uygulayabilirsin."},{"attributeId":1186,"attributeName":"Kutu Durumu","attributeValue":"Kutulu","attributeValueId":10559445},{"attributeId":1192,"attributeName":"Menşei","attributeValue":"PL","attributeValueId":10617167},{"attributeId":4,"attributeName":"Cilt Tipi","attributeValue":"Yağlı","attributeValueId":24},{"attributeId":40,"attributeName":"Form","attributeValue":"Krem","attributeValueId":3993},{"attributeId":1216,"attributeName":"İthalatçı/ Yetkili Temsilci/ İfa Hizmet Sağlayıcı","attributeValue":"İTHALATÇI"}],"barcode":"8681298460800","brand":"AVON","brandId":10825,"categoryName":"BB ve CC Krem","createDateTime":1731674817000,"description":";","dimensionalWeight":0,"hasActiveCampaign":false,"id":"b61749902b7b35223453abea24f741ce","images":[{"url":"https://cdn.dsmcdn.com/ty1034/product/media/images/prod/SPM/PIM/20231106/13/63f3f80b-4b94-305a-b91a-a9225f36523e/1_org_zoom.jpg"},{"url":"https://cdn.dsmcdn.com/ty1032/product/media/images/prod/SPM/PIM/20231106/13/41d928a4-e934-3027-ae65-fa2aab4ba0ec/1_org_zoom.jpg"},{"url":"https://cdn.dsmcdn.com/ty1034/product/media/images/prod/SPM/PIM/20231106/13/d0161ebf-91d3-3d0c-9075-b2e0230638fd/1_org_zoom.jpg"}],"lastUpdateDate":1747173682000,"listPrice":170,"locked":false,"onSale":false,"pimCategoryId":610,"platformListingId":"aca7e3229b393a0e1170e3d3d7b09225","productCode":75809857,"productContentId":42661924,"productMainId":"TEN0034","quantity":0,"salePrice":147.8,"stockCode":"bb784269","stockUnitType":"Adet","supplierId":286628,"title":"Nutra Effects Radiance Bb Krem 30 Ml. Medium","vatRate":20,"rejected":false,"rejectReasonDetails":[],"blacklisted":false,"hasHtmlContent":true,"productUrl":"https://www.trendyol.com/avon/nutra-effects-radiance-bb-krem-30-ml-medium-p-42661924?merchantId=286628&filterOverPriceListings=false"},{"approved":true,"archived":false,"attributes":[{"attributeId":47,"attributeName":"Renk","attributeValue":"Light"},{"attributeId":348,"attributeName":"Web Color","attributeValue":"Bej","attributeValueId":6997},{"attributeId":4,"attributeName":"Cilt Tipi","attributeValue":"Yağlı","attributeValueId":24},{"attributeId":40,"attributeName":"Form","attributeValue":"Krem","attributeValueId":3993},{"attributeId":1116,"attributeName":"Kullanım Talimatı/Uyarıları","attributeValue":"BB kreminin cildinle tam bir bütünlük içinde olmasını istiyorsan, kremden önce cilt tipine uygun bir nemlendiricini ya da makyaj bazı kullanabilirsin. Böylece cildini yumuşatarak makyaja hazır hale getirebilirsin. Ardından BB kremi tek kat şeklinde fırça ve sünger ile uygulayabilirsin."},{"attributeId":1192,"attributeName":"Menşei","attributeValue":"PL","attributeValueId":10617167},{"attributeId":1198,"attributeName":"Üretici Bilgisi","attributeValue":"AVON KOZMETİK ÜRÜNLERİ SANAYİ VE TİCARET A.Ş."},{"attributeId":1205,"attributeName":"Ürün Güvenliği Bilgisi","attributeValue":"Tehlikeli Değil","attributeValueId":10621762},{"attributeId":1216,"attributeName":"İthalatçı/ Yetkili Temsilci/ İfa Hizmet Sağlayıcı","attributeValue":"İTHALATÇI"},{"attributeId":50,"attributeName":"SPF","attributeValue":"SPF 4 - 20","attributeValueId":881108},{"attributeId":54,"attributeName":"Görünüm","attributeValue":"Parlak","attributeValueId":467},{"attributeId":57,"attributeName":"Kapatıcılık","attributeValue":"Orta","attributeValueId":495},{"attributeId":653,"attributeName":"Suya/Tere Dayanıklılık","attributeValue":"Yok","attributeValueId":247119},{"attributeId":1115,"attributeName":"İçerik Yazısı","attributeValue":"Papaya özüyle canlı görünüm veren BB Krem"},{"attributeId":1186,"attributeName":"Kutu Durumu","attributeValue":"Kutulu","attributeValueId":10559445}],"barcode":"8681298460794","brand":"AVON","brandId":10825,"categoryName":"BB ve CC Krem","createDateTime":1731674786000,"description":";","dimensionalWeight":0,"hasActiveCampaign":false,"id":"1435cdeac2524faaa07f1bf1b583e02e","images":[{"url":"https://cdn.dsmcdn.com/ty1033/product/media/images/prod/SPM/PIM/20231106/14/ae56c6aa-b825-336a-8c4b-eaceee946648/1_org_zoom.jpg"},{"url":"https://cdn.dsmcdn.com/ty1034/product/media/images/prod/SPM/PIM/20231106/14/5605d0ee-fa61-3c46-bc42-5cc4be697ab1/1_org_zoom.jpg"},{"url":"https://cdn.dsmcdn.com/ty1034/product/media/images/prod/SPM/PIM/20231106/14/3f36e2cc-7a15-3253-aeb0-ef469823a521/1_org_zoom.jpg"}],"lastUpdateDate":1748697811000,"listPrice":170,"locked":false,"onSale":false,"pimCategoryId":610,"platformListingId":"1356d92bd6dbeca4192da77c17334255","productCode":75809864,"productContentId":42661927,"productMainId":"TYBTEN0034050511773","quantity":0,"salePrice":147.8,"stockCode":"bb12486","stockUnitType":"Adet","supplierId":286628,"title":"Nutra Effects Radiance Bb Krem 30 Ml. Light","vatRate":20,"rejected":false,"rejectReasonDetails":[],"blacklisted":false,"hasHtmlContent":true,"productUrl":"https://www.trendyol.com/avon/nutra-effects-radiance-bb-krem-30-ml-light-p-42661927?merchantId=286628&filterOverPriceListings=false"},{"approved":true,"archived":false,"attributes":[{"attributeId":124,"attributeName":"Ek Özellik","attributeValue":"Organik","attributeValueId":3937},{"attributeId":343,"attributeName":"Cinsiyet","attributeValue":"Unisex","attributeValueId":4296},{"attributeId":346,"attributeName":"Yaş Grubu","attributeValue":"Yetişkin","attributeValueId":4293},{"attributeId":43,"attributeName":"Hacim","attributeValue":"250 ml","attributeValueId":401}],"barcode":"4690302537807","brand":"Faberlic","brandId":20886,"categoryName":"Duş Jeli","createDateTime":1730557141000,"description":"VITAMANIA serisi vitaminli duş jeli «Kavun ve karpuz» Vitaminlere karşı susuzluğunuzu olgun karpuz ve kavundan aldığınız enerji ile giderin. Vitaminli duş jeli \"Karpuz & amp; kavun \" cildinize yumuşaklık ve pürüzsüzlük sağlar, teninize ferah-tatlı bir yaz havası katar ve sizi pozitif duygularla yükler! Son kullanma tarihi: Ambalaj üzerinde belirtilen üretim tarihinden itibaren 24 ay. Uygunluk beyanı Hacim: 200.0 ml. Üretildiği ülke: Rusya Cilt Tipi: Her tür Ürün etkisi: Temizleme Ürün etkisi: Beslenme Aroma yönü: Tatlı Aroma yönü: Taze Seri: Vitamania İÇERİK Aqua, Sodium Laureth Sulfate, Sodium Chloride, Cocamide DEA, Cocamidopropyl Betaine, Parfum, Glycereth-2 Cocoate, Benzophenone-4, Glycerin, Citrullus Lanatus Fruit Extract, Cucumis Melo Juice, Hamamelis Virginiana Water, Panthenol, Arnica Montana Flower Water, Styrene/Acrylates Copolymer, Niacinamide, Thiamine HCl, Tocopheryl Acetate, Retinyl Palmitate, Retinyl Acetate, Biotin, Propylene Glycol, PEG-40 Hydrogenated Castor Oil, Alcohol, Sodium Benzoate, Potassium Sorbate, Sodium Salicylate, Disodium EDTA, Citric Acid, Tocopherol, CI 16255, CI 14720. NASIL KULLANILIR Vücudun nemli cildine az miktarda jel uygulayın, masaj yapın ve su ile durulayın.","dimensionalWeight":0,"gender":"Unisex","hasActiveCampaign":true,"id":"be4ba65a5fd2f8228af1e6acb616e9e7","images":[{"url":"https://cdn.dsmcdn.com/ty256/product/media/images/20211126/17/112248570/321767446/1/1_org_zoom.jpg"}],"lastUpdateDate":1749899819000,"listPrice":125,"locked":false,"onSale":true,"pimCategoryId":629,"platformListingId":"ef8a98fafb4a8f37004729fdacb70a9d","productCode":321767446,"productContentId":195661693,"productMainId":"2550","quantity":1,"salePrice":125,"stockCode":"dj4861752","stockUnitType":"Adet","supplierId":286628,"title":"Vıtamanıa Serisi Vitaminli Duş Jeli Kavun Ve Karpuz 200ml","vatRate":20,"rejected":false,"rejectReasonDetails":[],"blacklisted":false,"hasHtmlContent":true,"productUrl":"https://www.trendyol.com/faberlic/vitamania-serisi-vitaminli-dus-jeli-kavun-ve-karpuz-200ml-p-195661693?merchantId=286628&filterOverPriceListings=false"},{"approved":true,"archived":false,"attributes":[{"attributeId":124,"attributeName":"Ek Özellik","attributeValue":"Organik","attributeValueId":3937},{"attributeId":343,"attributeName":"Cinsiyet","attributeValue":"Unisex","attributeValueId":4296},{"attributeId":346,"attributeName":"Yaş Grubu","attributeValue":"Çocuk","attributeValueId":4291},{"attributeId":1115,"attributeName":"İçerik Yazısı","attributeValue":"Ağırlık: 206 g, Hacim: 200 ml. Pembe kuvars romantik ve aşk aurası yaratır. Bu aşkın kendisi değil, onun habercisidir. Zarif taş ruh eşinizi bulmaya, onunla uyum ve huzur içinde yaşamaya yardımcıdır. Hassas Duş Jeli vücudu rahatlatır ve romantik ruh hali verir. Cildi kurutmadan nazikçe temizler. Narin kokusu huzur verir. Yumuşak formülü cildi kurutmaz. Kuvars tozu ve ışıltılı sedef içerikli. Çiçek Notalarıyla Zarif Pudramsı Koku. Uygunluk Beyannamesi"},{"attributeId":1116,"attributeName":"Kullanım Talimatı/Uyarıları","attributeValue":"Ağırlık: 206 g, Hacim: 200 ml. Pembe kuvars romantik ve aşk aurası yaratır. Bu aşkın kendisi değil, onun habercisidir. Zarif taş ruh eşinizi bulmaya, onunla uyum ve huzur içinde yaşamaya yardımcıdır. Hassas Duş Jeli vücudu rahatlatır ve romantik ruh hali verir. Cildi kurutmadan nazikçe temizler. Narin kokusu huzur verir. Yumuşak formülü cildi kurutmaz. Kuvars tozu ve ışıltılı sedef içerikli. Çiçek Notalarıyla Zarif Pudramsı Koku. Uygunluk Beyannamesi"},{"attributeId":43,"attributeName":"Hacim","attributeValue":"200 ml","attributeValueId":1222}],"barcode":"4690302744007","brand":"Faberlic","brandId":20886,"categoryName":"Duş Jeli","createDateTime":1730550044000,"description":"Ağırlık: 206 g, Hacim: 200 ml. ; Pembe kuvars romantik ve aşk aurası yaratır. ; Bu aşkın kendisi değil, onun habercisidir. ; Zarif taş ruh eşinizi bulmaya, onunla uyum ve huzur içinde yaşamaya yardımcıdır. ; Hassas Duş Jeli vücudu rahatlatır ve romantik ruh hali verir. ; Cildi kurutmadan nazikçe temizler. ; Narin kokusu huzur verir. ; Yumuşak formülü cildi kurutmaz. ; . ; Çiçek Notalarıyla Zarif Pudramsı Koku. ; Uygunluk Beyannamesi;","dimensionalWeight":0,"gender":"Unisex","hasActiveCampaign":true,"id":"323ffb91b9866c0aa3264ba84c3bdf73","images":[{"url":"https://cdn.dsmcdn.com/ty1197/product/media/images/prod/SPM/PIM/20240307/16/b8166a85-a635-3c55-9237-fdd4dbb20e4f/1_org_zoom.jpg"}],"lastUpdateDate":1749899797000,"listPrice":125,"locked":false,"onSale":true,"pimCategoryId":629,"platformListingId":"b4904faab0df1002314e95686eb573cd","productCode":1082788313,"productContentId":812366205,"productMainId":"4690302744007","quantity":4,"salePrice":125,"stockCode":"dj12674236","stockUnitType":"Adet","supplierId":286628,"title":"Storie d’Amore Serisi Duş Jeli «Pembe Kuvars»\n\nÜrün Kodu: 2889","vatRate":20,"rejected":false,"rejectReasonDetails":[],"blacklisted":false,"hasHtmlContent":false,"productUrl":"https://www.trendyol.com/faberlic/storie-d-amore-serisi-dus-jeli-pembe-kuvars-u-ru-n-kodu-2889-p-812366205?merchantId=286628&filterOverPriceListings=false"}]}